bianca@example.com,2025-08-15T22:24:36.246357
bianca@example.com,2025-08-15T22:24:39.803773
bianca@example.com,2025-08-15T22:25:03.410995
bianca@example.com,2025-08-15T22:26:41.838584
bianca@example.com,2025-08-15T22:28:54.546813
bianca@example.com,2025-08-15T22:29:21.707436
bianca@example.com,2025-08-15T22:29:36.565867
bianca@example.com,2025-08-15T22:30:05.611972
bianca@example.com,2025-08-15T22:31:17.667665
bianca@example.com,2025-08-15T22:31:38.026434
bianca@example.com,2025-08-15T22:32:36.022432
bianca@example.com,2025-08-15T22:33:25.325223
bianca@example.com,2025-08-15T22:34:51.691397
bianca@example.com,2025-08-15T22:38:03.092550
bianca@example.com,2025-08-15T22:39:06.530445
